[
    {
        "question": "چند زمین می‌تواند درون خورشید جا بگیرد؟",
        "options": [
            "1 میلیون",
            "2 میلیون",
            "3 میلیون",
            "1.3 میلیون"
        ],
        "answer": 4
    },
    {
        "question": "در طول تاریخ چه تعداد از جملات نمایشنامه‌های شکسپیر توسط زنان خوانده شده است؟",
        "options": [
            "17%",
            "20%",
            "33%",
            "52%"
        ],
        "answer": 1
    },
    {
        "question": "کدام کشور بیشترین سرانه مصرف شکلات را در جهان دارد؟",
        "options": [
            "ایران",
            "سوییس",
            "برزیل",
            "آمریکا"
        ],
        "answer": 2
    },
    {
        "question": "کوچک‌ترین استخوان بدن انسان چه نام دارد و در کجای بدن قرار گرفته است؟",
        "options": [
            "ترقوه",
            "کشکک",
            "رکابی",
            "بینی"
        ],
        "answer": 3
    }
]